{"menuMap":{"cs":[{"code":"","name":""}],"da":[{"code":"","name":""}],"gl":[{"code":"","name":""}],"sl":[{"code":"","name":""}],"fr":[{"code":"","name":""}],"hu":[{"code":"","name":""}],"uk":[{"code":"","name":""}],"zh-tw":[{"code":"","name":""}],"pt":[{"code":"","name":""}],"pt-br":[{"code":"","name":""}],"tr":[{"code":"","name":""}],"ga":[{"code":"","name":""}],"th":[{"code":"","name":""}],"ja":[{"code":"","name":""}],"ja-hira":[{"code":"","name":""}],"nl":[{"code":"","name":""}],"gd":[{"code":"","name":""}],"nb":[{"code":"","name":""}],"de":[{"code":"","name":""}],"he":[{"code":"","name":""}],"sk":[{"code":"","name":""}],"zu":[{"code":"","name":""}],"ru":[{"code":"","name":""}],"pl":[{"code":"","name":""}],"am":[{"code":"","name":""}],"az":[{"code":"","name":""}],"hr":[{"code":"","name":""}],"fa":[{"code":"","name":""}],"mi":[{"code":"","name":""}],"el":[{"code":"","name":""}],"is":[{"code":"","name":""}],"fi":[{"code":"","name":""}],"eu":[{"code":"","name":""}],"ca":[{"code":"","name":""}],"lv":[{"code":"","name":""}],"id":[{"code":"","name":""}],"es":[{"code":"","name":""}],"es-419":[{"code":"","name":""}],"et":[{"code":"","name":""}],"cy":[{"code":"","name":""}],"zh-cn":[{"code":"","name":""}],"bg":[{"code":"","name":""}],"ar":[{"code":"","name":""}],"en":[{"code":"","name":""}],"sr":[{"code":"","name":""}],"sv":[{"code":"","name":""}],"ro":[{"code":"","name":""}],"lt":[{"code":"","name":""}],"ko":[{"code":"","name":""}],"it":[{"code":"","name":""}],"vi":[{"code":"","name":""}]},"nameMap":{"albánština":"sq","amharština":"am","angličtina":"en","arabština":"ar","arménština":"hy","ázerbájdžánština":"az","barmština":"my","baskičtina":"eu","běloruština":"be","bulharština":"bg","čeština":"cs","čínština (tradiční)":"zh-tw","čínština (zjednodušená)":"zh-cn","dánština":"da","esperanto":"eo","estonština":"et","finština":"fi","francouzština":"fr","galicijština":"gl","haitská kreolština":"ht","hebrejština":"he","hindština":"hi","holandština":"nl","chorvatština":"hr","indonéština":"id","irština":"ga","islandština":"is","italština":"it","japonština":"ja","kannadština":"kn","katalánština":"ca","korejština":"ko","kurdština":"ku","latina":"la","litevština":"lt","lotyština":"lv","maďarština":"hu","makedonština":"mk","malajálamština":"ml","malajština":"ms","maltština":"mt","maorština":"mi","marátština":"mr","mongolština":"mn","němčina":"de","norština":"nb","perština":"fa","polština":"pl","portugalština":"pt","rumunština":"ro","ruština":"ru","řečtina":"el","skotská gaelština":"gd","slovenština":"sk","slovinština":"sl","srbština":"sr","španělština":"es","švédština":"sv","telužština":"te","thajština":"th","turečtina":"tr","ukrajinština":"uk","uzbečtina":"uz","velština":"cy","vietnamština":"vi","zulu":"zu","albansk":"sq","amharisk":"am","arabisk":"ar","armensk":"hy","aserbajdsjansk":"az","baskisk":"eu","bulgarsk":"bg","burmesisk":"my","dansk":"da","engelsk":"en","estisk":"et","finsk":"fi","fransk":"fr","galicisk":"gl","græsk":"el","haitisk kreolsk":"ht","hebraisk":"he","hindi":"hi","hollandsk":"nl","hviderussisk":"be","indonesisk":"id","irsk":"ga","islandsk":"is","italiensk":"it","japansk":"ja","kannada":"kn","katalansk":"ca","kinesisk (forenklet)":"zh-cn","kinesisk (traditionelt)":"zh-tw","koreansk":"ko","kroatisk":"hr","kurdisk":"ku","latin":"la","lettisk":"lv","litauisk":"lt","makedonsk":"mk","malajisk":"ms","malayalam":"ml","maltesisk":"mt","maori":"mi","marathi":"mr","mongolsk":"mn","norsk":"nb","persisk":"fa","polsk":"pl","portugisisk":"pt","rumænsk":"ro","russisk":"ru","serbisk":"sr","skotsk gælisk":"gd","slovakisk":"sk","slovensk":"sl","spansk":"es","svensk":"sv","telugu":"te","thailandsk":"th","tjekkisk":"cs","tyrkisk":"tr","tysk":"de","ukrainsk":"uk","ungarsk":"hu","usbekisk":"uz","vietnamesisk":"vi","walisisk":"cy","acerbaixano":"az","albanés":"sq","alemán":"de","amárico":"am","árabe":"ar","armenio":"hy","bielorruso":"be","birmano":"my","búlgaro":"bg","canarés":"kn","catalán":"ca","checo":"cs","chinés (simplificado)":"zh-cn","chinés (tradicional)":"zh-tw","coreano":"ko","crioulo haitiano":"ht","croata":"hr","curdo":"ku","dinamarqués":"da","eslovaco":"sk","esloveno":"sl","español":"es","estoniano":"et","éuscaro":"eu","finés":"fi","francés":"fr","gaélico escocés":"gd","galego":"gl","galés":"cy","grego":"el","hebreo":"he","húngaro":"hu","indonesio":"id","inglés":"en","irlandés":"ga","islandés":"is","italiano":"it","latín":"la","letón":"lv","lituano":"lt","macedonio":"mk","malabar":"ml","malaio":"ms","maltés":"mt","maorí":"mi","mongol":"mn","neerlandés":"nl","noruegués":"nb","persa":"fa","polaco":"pl","portugués":"pt","romanés":"ro","ruso":"ru","serbio":"sr","sueco":"sv","tailandés":"th","telugú":"te","turco":"tr","ucraíno":"uk","usbeco":"uz","vietnamita":"vi","xaponés":"ja","zulú":"zu","albanščina":"sq","amharščina":"am","angleščina":"en","arabščina":"ar","armenščina":"hy","azerbajdžanščina":"az","baskovščina":"eu","beloruščina":"be","bolgarščina":"bg","burmanščina":"my","češčina":"cs","danščina":"da","estonščina":"et","finščina":"fi","francoščina":"fr","galicijščina":"gl","grščina":"el","haitijska kreolščina":"ht","hebrejščina":"he","hindijščina":"hi","hrvaščina":"hr","indonezijščina":"id","irščina":"ga","islandščina":"is","italijanščina":"it","japonščina":"ja","kanareščina":"kn","katalonščina":"ca","kitajščina (poenostavljena)":"zh-cn","kitajščina (tradicionalna)":"zh-tw","korejščina":"ko","kurdščina":"ku","latinščina":"la","latvijščina":"lv","litovščina":"lt","madžarščina":"hu","makedonščina":"mk","malajalščina":"ml","malajščina":"ms","malteščina":"mt","maorščina":"mi","maratščina":"mr","mongolščina":"mn","nemščina":"de","nizozemščina":"nl","norveščina":"nb","perzijščina":"fa","poljščina":"pl","portugalščina":"pt","romunščina":"ro","ruščina":"ru","slovaščina":"sk","slovenščina":"sl","srbščina":"sr","škotska gelščina":"gd","španščina":"es","švedščina":"sv","tajščina":"th","teluščina":"te","turščina":"tr","ukrajinščina":"uk","uzbeščina":"uz","valižanščina":"cy","vietnamščina":"vi","zulujščina":"zu","albanais":"sq","allemand":"de","amharique":"am","anglais":"en","arabe":"ar","arménien":"hy","azéri":"az","basque":"eu","biélorusse":"be","birman":"my","bulgare":"bg","catalan":"ca","chinois (simplifié)":"zh-cn","chinois (traditionnel)":"zh-tw","coréen":"ko","créole haïtien":"ht","croate":"hr","danois":"da","espagnol":"es","espéranto":"eo","estonien":"et","finnois":"fi","français":"fr","gaélique (écosse)":"gd","galicien":"gl","gallois":"cy","grec":"el","hébreu":"he","hongrois":"hu","indonésien":"id","irlandais":"ga","islandais":"is","italien":"it","japonais":"ja","kurde":"ku","letton":"lv","lituanien":"lt","macédonien":"mk","malaisien":"ms","maltais":"mt","néerlandais":"nl","norvégien":"nb","ouzbek":"uz","persan":"fa","polonais":"pl","portugais":"pt","roumain":"ro","russe":"ru","serbe":"sr","slovaque":"sk","slovène":"sl","suédois":"sv","tchèque":"cs","thaï":"th","turc":"tr","ukrainien":"uk","vietnamien":"vi","zoulou":"zu","albán":"sq","amhara":"am","angol":"en","arab":"ar","azeri":"az","baszk":"eu","belorusz":"be","bolgár":"bg","burmai":"my","cseh":"cs","dán":"da","eszperantó":"eo","észt":"et","finn":"fi","francia":"fr","galíciai":"gl","görög":"el","haiti kreol":"ht","héber":"he","holland":"nl","horvát":"hr","indonéz":"id","ír":"ga","izlandi":"is","japán":"ja","katalán":"ca","kínai (egyszerűsített)":"zh-cn","kínai (hagyományos)":"zh-tw","koreai":"ko","kurd":"ku","lengyel":"pl","lett":"lv","litván":"lt","macedón":"mk","magyar":"hu","maláj":"ms","malajálam":"ml","máltai":"mt","maráthi":"mr","német":"de","norvég":"nb","olasz":"it","orosz":"ru","örmény":"hy","perzsa":"fa","portugál":"pt","román":"ro","skót-gael":"gd","spanyol":"es","svéd":"sv","szerb":"sr","szlovák":"sk","szlovén":"sl","thai":"th","török":"tr","ukrán":"uk","üzbég":"uz","vietnami":"vi","walesi":"cy","азербайджанська":"az","албанська":"sq","амхарська":"am","англійська":"en","арабська":"ar","баскська":"eu","білоруська":"be","бірманська":"my","болгарська":"bg","в’єтнамська":"vi","валлійська":"cy","вірменська":"hy","гаїтянська креольська":"ht","гінді":"hi","грецька":"el","ґалісійська":"gl","данська":"da","есперанто":"eo","естонська":"et","зулу":"zu","іврит":"he","індонезійська":"id","ірландська":"ga","ісландська":"is","іспанська":"es","італійська":"it","каннада":"kn","каталанська":"ca","китайська (спрощена)":"zh-cn","китайська (традиційна)":"zh-tw","корейська":"ko","курдська":"ku","латинська":"la","латиська":"lv","литовська":"lt","македонська":"mk","малайська":"ms","малаялам":"ml","мальтійська":"mt","маорі":"mi","маратхі":"mr","монгольська":"mn","нідерландська":"nl","німецька":"de","норвезька":"nb","перська":"fa","польська":"pl","португальська":"pt","російська":"ru","румунська":"ro","сербська":"sr","словацька":"sk","словенська":"sl","тайська":"th","телуґу":"te","турецька":"tr","угорська":"hu","узбецька":"uz","українська":"uk","фінська":"fi","французька":"fr","хорватська":"hr","чеська":"cs","шведська":"sv","шотландська (ґельська)":"gd","японська":"ja","土耳其文":"tr","中文(繁體)":"zh-tw","中文(簡體)":"zh-cn","丹麥文":"da","巴斯克文":"eu","日文":"ja","毛利文":"mi","世界語":"eo","加里西亞文":"gl","加泰羅尼亞文":"ca","卡納達文":"kn","白俄羅斯文":"be","立陶宛文":"lt","冰島文":"is","匈牙利文":"hu","印尼文":"id","印度文":"hi","西班牙文":"es","克羅埃西亞文":"hr","希伯來文":"he","希臘文":"el","亞美尼亞文":"hy","亞塞拜然文":"az","拉丁文":"la","拉脫維亞文":"lv","法文":"fr","波斯文":"fa","波蘭文":"pl","芬蘭文":"fi","阿姆哈拉文":"am","阿拉伯文":"ar","阿爾巴尼亞文":"sq","俄文":"ru","保加利亞文":"bg","南非祖魯文":"zu","威爾斯文":"cy","英文":"en","庫德文":"ku","挪威文":"nb","泰文":"th","泰盧固文":"te","海地克里奧文":"ht","烏克蘭文":"uk","烏茲別克文":"uz","馬耳他文":"mt","馬來文":"ms","馬其頓文":"mk","馬拉地文":"mr","馬拉雅拉姆文":"ml","捷克文":"cs","荷蘭文":"nl","斯洛伐克文":"sk","斯洛維尼亞文":"sl","越南文":"vi","塞爾維亞文":"sr","愛沙尼亞文":"et","愛爾蘭文":"ga","瑞典文":"sv","義大利文":"it","葡萄牙文":"pt","蒙古文":"mn","德文":"de","緬甸文":"my","韓文":"ko","羅馬尼亞文":"ro","蘇格蘭的蓋爾文":"gd","अझरबैजानी":"az","अम्हारिक":"am","अरबी":"ar","अर्मेनियन":"hy","अल्बानियन":"sq","आइसलँडिक":"is","आयरिश":"ga","इंग्रजी":"en","इंडोनेशियन":"id","इटालियन":"it","उझ्बेक":"uz","एस्टोनियन":"et","एस्परँटो":"eo","कन्नड":"kn","कुर्दिश (कुर्मांजी)":"ku","कॅटलान":"ca","कोरियन":"ko","क्रोएशियन":"hr","गॅलिशियन":"gl","ग्रीक":"el","चीनी (पारंपारिक)":"zh-tw","चीनी (सरलीकृत)":"zh-cn","जपानी":"ja","जर्मन":"de","झुलु":"zu","झेक":"cs","डच":"nl","डॅनिश":"da","तुर्की":"tr","तेलगू":"te","थाई":"th","नॉर्वेजियन":"nb","पोर्तुगीज":"pt","पोलिश":"pl","फारसी":"fa","फिन्निश":"fi","फ्रेंच":"fr","बल्गेरियन":"bg","बास्क":"eu","बेलारुशियन":"be","मंगोलियन":"mn","मराठी":"mr","मलय":"ms","मल्याळम":"ml","माओरी":"mi","माल्टीज":"mt","मॅसेडोनियन":"mk","म्यानमार (बर्मीज)":"my","युक्रेनियन":"uk","रशियन":"ru","रोमानियन":"ro","लाट्वियन":"lv","लिथुआनियन":"lt","लॅटिन":"la","वेल्श":"cy","व्हिएतनामी":"vi","सर्बियन":"sr","स्कॉट्स गेलिक":"gd","स्पॅनिश":"es","स्लोव्हाक":"sk","स्लोव्हेनियन":"sl","स्वीडिश":"sv","हंगेरियन":"hu","हिन्दी":"hi","हिब्रू":"he","हैतीयन क्रेओल":"ht","albanian":"sq","amharic":"am","arabic":"ar","armenian":"hy","azerbaijani":"az","belarusian":"be","bulgarian":"bg","chinese (simplified)":"zh-cn","chinese (traditional)":"zh-tw","croatian":"hr","czech":"cs","danish":"da","dutch":"nl","english":"en","estonian":"et","finnish":"fi","french":"fr","galician":"gl","german":"de","greek":"el","haitian creole":"ht","hebrew":"he","hungarian":"hu","icelandic":"is","indonesian":"id","irish":"ga","italian":"it","japanese":"ja","korean":"ko","kurdish (kurmanji)":"ku","latvian":"lv","lithuanian":"lt","macedonian":"mk","malay":"ms","maltese":"mt","mongolian":"mn","myanmar (burmese)":"my","norwegian":"nb","persian":"fa","polish":"pl","portuguese":"pt","romanian":"ro","russian":"ru","scots gaelic":"gd","serbian":"sr","slovak":"sk","slovenian":"sl","spanish":"es","swedish":"sv","turkish":"tr","ukrainian":"uk","uzbek":"uz","vietnamese":"vi","welsh":"cy","albanês":"sq","alemão":"de","armênio":"hy","azerbaijano":"az","basco":"eu","bielo-russo":"be","birmanês":"my","canarês":"kn","catalão":"ca","chinês (simplificado)":"zh-cn","chinês (tradicional)":"zh-tw","dinamarquês":"da","espanhol":"es","finlandês":"fi","francês":"fr","gaélico escocês":"gd","galês":"cy","hebraico":"he","holandês":"nl","indonésio":"id","inglês":"en","irlandês":"ga","islandês":"is","japonês":"ja","latim":"la","letão":"lv","macedônio":"mk","malaiala":"ml","maltês":"mt","marata":"mr","norueguês":"nb","polonês":"pl","português":"pt","romeno":"ro","russo":"ru","sérvio":"sr","tailandês":"th","tcheco":"cs","telugo":"te","ucraniano":"uk","uzbeque":"uz","almanca":"de","arapça":"ar","arnavutça":"sq","azerice":"az","baskça":"eu","belarusça":"be","bulgarca":"bg","burmaca":"my","çekçe":"cs","çince (basitleştirilmiş)":"zh-cn","çince (geleneksel)":"zh-tw","danca":"da","endonezya dili":"id","ermenice":"hy","esperantoca":"eo","estonyaca":"et","farsça":"fa","felemenkçe":"nl","fince":"fi","fransızca":"fr","galce":"cy","galiçyaca":"gl","habeşçe":"am","haiti creole dili":"ht","hırvatça":"hr","hintçe":"hi","i̇branice":"he","i̇ngilizce":"en","i̇rlandaca":"ga","i̇spanyolca":"es","i̇sveççe":"sv","i̇talyanca":"it","i̇zlandaca":"is","japonca":"ja","katalanca":"ca","korece":"ko","kuzey i̇skoç dili":"gd","kürtçe":"ku","latince":"la","lehçe":"pl","letonca":"lv","litvanca":"lt","macarca":"hu","makedonca":"mk","malezya dili":"ms","malta dili":"mt","maori dili":"mi","moğolca":"mn","norveççe":"nb","özbekçe":"uz","portekizce":"pt","romence":"ro","rusça":"ru","sırpça":"sr","slovakça":"sk","slovence":"sl","tay dili":"th","telugu dili":"te","türkçe":"tr","ukraynaca":"uk","vietnamca":"vi","yunanca":"el","airméinis":"hy","albáinis":"sq","amárais":"am","araibis":"ar","asarbaiseáinis":"az","bascais":"eu","bealarúisis":"be","béarla":"en","breatnais":"cy","bulgáiris":"bg","cannadais":"kn","catalóinis":"ca","coirdis (curmainsis)":"ku","cóiréis":"ko","criól háítí":"ht","cróitis":"hr","danmhairgis":"da","eabhrais":"he","eastóinis":"et","fionlainnis":"fi","fraincis":"fr","gaeilge":"ga","gaeilge na halban":"gd","gailísis":"gl","gearmáinis":"de","gréigis":"el","hiondúis":"hi","indinéisis":"id","iodáilis":"it","ioruais":"nb","íoslainnis":"is","laidin":"la","laitvis":"lv","liotuáinis":"lt","macadóinis":"mk","maenmar (burmais)":"my","mailéalaimis":"ml","malaeis":"ms","máltais":"mt","maorais":"mi","maraitis":"mr","mongóilis":"mn","ollainnis":"nl","peirsis":"fa","polainnis":"pl","portaingéilis":"pt","rómáinis":"ro","rúisis":"ru","seapáinis":"ja","seicis":"cs","seirbis":"sr","sínis (simplithe)":"zh-cn","sínis (traidisiúnta)":"zh-tw","slóivéinis":"sl","slóvaicis":"sk","spáinnis":"es","sualainnis":"sv","súlúis":"zu","téalainnis":"th","teileagúis":"te","tuircis":"tr","úcráinis":"uk","úisbéiceastáinis":"uz","ungáiris":"hu","vítneaimis":"vi","ภาษากรีก":"el","ภาษากันนาดา":"kn","ภาษากาลิเชียน":"gl","ภาษาเกลิกในสก็อต":"gd","ภาษาเกาหลี":"ko","ภาษาคาตาลัน":"ca","ภาษาเคิร์ด":"ku","ภาษาโครเอเชีย":"hr","ภาษาจีน (ดั้งเดิม)":"zh-tw","ภาษาจีน (แบบย่อ)":"zh-cn","ภาษาเช็ก":"cs","ภาษาซูลู":"zu","ภาษาเซอร์เบียน":"sr","ภาษาญี่ปุ่น":"ja","ภาษาดัตช์":"nl","ภาษาเดนมาร์ก":"da","ภาษาตุรกี":"tr","ภาษาเตลูกู":"te","ภาษาไทย":"th","ภาษานอร์เวย์":"nb","ภาษาบัลกาเรีย":"bg","ภาษาบาสก์":"eu","ภาษาเบลารูเชียน":"be","ภาษาเปอร์เซีย":"fa","ภาษาโปรตุเกส":"pt","ภาษาโปแลนด์":"pl","ภาษาฝรั่งเศส":"fr","ภาษาฟินแลนด์":"fi","ภาษามองโกเลีย":"mn","ภาษามัลทีส":"mt","ภาษามาซีโดเนีย":"mk","ภาษามาราฐี":"mr","ภาษามาลายาลัม":"ml","ภาษามาเลย์":"ms","ภาษาเมารี":"mi","ภาษาเมียนมา (พม่า)":"my","ภาษายูเครน":"uk","ภาษาเยอรมัน":"de","ภาษารัสเซีย":"ru","ภาษาโรมาเนีย":"ro","ภาษาละติน":"la","ภาษาลัทเวีย":"lv","ภาษาลิทัวเนีย":"lt","ภาษาเวลส์":"cy","ภาษาเวียดนาม":"vi","ภาษาสเปน":"es","ภาษาสโลวัก":"sk","ภาษาสโลเวเนีย":"sl","ภาษาสวีเดน":"sv","ภาษาอังกฤษ":"en","ภาษาอัมฮาริก":"am","ภาษาอัลบาเนีย":"sq","ภาษาอาร์เซอร์ไบจัน":"az","ภาษาอาร์เมเนีย":"hy","ภาษาอาหรับ":"ar","ภาษาอิตาลี":"it","ภาษาอินโดนีเซีย":"id","ภาษาอุสเบกิสถาน":"uz","ภาษาเอสโทเนีย":"et","ภาษาเอสเปอแรนโต":"eo","ภาษาไอซ์แลนดิก":"is","ภาษาไอริช":"ga","ภาษาฮังการี":"hu","ภาษาฮินดี":"hi","ภาษาฮิบรู":"he","ภาษาเฮติครีโอล":"ht","アイスランド語":"is","アイルランド語":"ga","アゼルバイジャン語":"az","アムハラ語":"am","アラビア語":"ar","アルバニア語":"sq","アルメニア語":"hy","イタリア語":"it","インドネシア語":"id","ウェールズ語":"cy","ウクライナ語":"uk","ウズベク語":"uz","エストニア語":"et","エスペラント語":"eo","オランダ語":"nl","カタルーニャ語":"ca","ガリシア語":"gl","カンナダ語":"kn","ギリシャ語":"el","クルド語":"ku","クロアチア語":"hr","スウェーデン語":"sv","ズールー語":"zu","スコットランド ゲール語":"gd","スペイン語":"es","スロバキア語":"sk","スロベニア語":"sl","セルビア語":"sr","タイ語":"th","チェコ語":"cs","テルグ語":"te","デンマーク語":"da","ドイツ語":"de","トルコ語":"tr","ノルウェー語":"nb","ハイチ語":"ht","バスク語":"eu","ハンガリー語":"hu","ヒンディー語":"hi","フィンランド語":"fi","フランス語":"fr","ブルガリア語":"bg","ベトナム語":"vi","ヘブライ語":"he","ベラルーシ語":"be","ペルシャ語":"fa","ポーランド語":"pl","ポルトガル語":"pt","マオリ語":"mi","マケドニア語":"mk","マラーティー語":"mr","マラヤーラム語":"ml","マルタ語":"mt","マレー語":"ms","ミャンマー語":"my","モンゴル語":"mn","ラテン語":"la","ラトビア語":"lv","リトアニア語":"lt","ルーマニア語":"ro","ロシア語":"ru","英語":"en","韓国語":"ko","中国語(簡体)":"zh-cn","中国語(繁体)":"zh-tw","日本語":"ja","albanees":"sq","amharisch":"am","arabisch":"ar","armeens":"hy","azerbeidzjaans":"az","baskisch":"eu","birmaans":"my","bulgaars":"bg","catalaans":"ca","chinees (traditioneel)":"zh-tw","chinees (vereenvoudigd)":"zh-cn","deens":"da","duits":"de","engels":"en","ests":"et","fins":"fi","frans":"fr","galicisch":"gl","grieks":"el","haïtiaans creools":"ht","hebreeuws":"he","hongaars":"hu","iers":"ga","ijslands":"is","indonesisch":"id","italiaans":"it","japans":"ja","koerdisch":"ku","koreaans":"ko","kroatisch":"hr","latijn":"la","lets":"lv","litouws":"lt","macedonisch":"mk","maleis":"ms","maltees":"mt","mongools":"mn","nederlands":"nl","noors":"nb","oekraïens":"uk","oezbeeks":"uz","perzisch":"fa","pools":"pl","portugees":"pt","roemeens":"ro","russisch":"ru","schots keltisch":"gd","servisch":"sr","slovaaks":"sk","sloveens":"sl","spaans":"es","tsjechisch":"cs","turks":"tr","vietnamees":"vi","wels":"cy","wit-russisch":"be","zoeloe":"zu","zweeds":"sv","airmeinis":"hy","albàinis":"sq","amtharais":"am","arabais":"ar","asarbaideànais":"az","basgais":"eu","bealaruisis":"be","beurla":"en","bhiet-namais":"vi","bulgarais":"bg","cànan nan tàidh":"th","catalanais":"ca","coirèanais":"ko","crìtheol haidhti":"ht","cròthaisis":"hr","cuimris":"cy","cùrdais (kurmanji)":"ku","duitsis":"nl","eabhra":"he","eadailtis":"it","eastoinis":"et","fionnlannais":"fi","fraingis":"fr","gàidhlig":"gd","gailìsis":"gl","gearmailtis":"de","grèigis":"el","hindis":"hi","innd-innsis":"id","innis-tìlis":"is","laideann":"la","laitbheis":"lv","liotuainis":"lt","malaidhis":"ms","māori":"mi","masadonais":"mk","miànmar (burmais)":"my","mongolais":"mn","nirribhis":"nb","pòlainnis":"pl","portagailis":"pt","romàinis":"ro","ruisis":"ru","seacais":"cs","seapanais":"ja","sèirbis":"sr","sìonais (seann-nòsach)":"zh-tw","sìonais (sìmplichte)":"zh-cn","slòbhacais":"sk","slòbhainis":"sl","spàinntis":"es","suainis":"sv","turcais":"tr","ucràinis":"uk","ungairis":"hu","usbagais":"uz","farsi":"fa","galisisk":"gl","gresk":"el","hviterussisk":"be","kinesisk (tradisjonell)":"zh-tw","kreol (haiti)":"ht","latvisk":"lv","malayisk":"ms","nederlandsk":"nl","rumensk":"ro","tsjekkisk":"cs","albanisch":"sq","armenisch":"hy","aserbaidschanisch":"az","birmanisch":"my","bulgarisch":"bg","chinesisch (traditionell)":"zh-tw","chinesisch (vereinfacht)":"zh-cn","dänisch":"da","deutsch":"de","englisch":"en","estnisch":"et","finnisch":"fi","französisch":"fr","galizisch":"gl","griechisch":"el","haitianisch":"ht","hebräisch":"he","irisch":"ga","isländisch":"is","italienisch":"it","japanisch":"ja","katalanisch":"ca","koreanisch":"ko","kurdisch (kurmandschi)":"ku","lateinisch":"la","lettisch":"lv","litauisch":"lt","malaysisch":"ms","maltesisch":"mt","mazedonisch":"mk","mongolisch":"mn","niederländisch":"nl","norwegisch":"nb","persisch":"fa","polnisch":"pl","portugiesisch":"pt","rumänisch":"ro","schottisch-gälisch":"gd","schwedisch":"sv","serbisch":"sr","slowakisch":"sk","slowenisch":"sl","spanisch":"es","thailändisch":"th","tschechisch":"cs","türkisch":"tr","ukrainisch":"uk","ungarisch":"hu","usbekisch":"uz","vietnamesisch":"vi","walisisch":"cy","weißrussisch":"be","ကနာဒါ":"kn","ကာ့ဒ် (ကာမန်ဂျီ)":"ku","ကိုရီးယား":"ko","ကက်တလန်":"ca","ခရိုအေးရှား":"hr","ချက်":"cs","ဂရိ":"el","ဂယ်လိရှ":"gl","ဂျပန်":"ja","ဂျာမန်":"de","စကော့ ဂေးလစ်":"gd","စပိန်":"es","ဆလိုဗေးနီးယား":"sl","ဆလိုဗက်":"sk","ဆားဘီးယား":"sr","ဆွီဒင်":"sv","ဇူးလူး":"zu","တရုတ် (ရိုးရာ)":"zh-tw","တရုတ် (အလွယ်)":"zh-cn","တူ​ရ​ကီ":"tr","တယ်လူဂူ":"te","ထိုင်း":"th","ဒတ်ချ်":"nl","ဒိန်းမတ်":"da","နော်ဝေ":"nb","ပါရှန်":"fa","ပေါ်တူဂီ":"pt","ပိုလန်":"pl","ပြင်သစ်":"fr","ဖင်လန်":"fi","ဗီယက်နမ်":"vi","ဘာ့စ်":"eu","ဘူဂေးရီးယား":"bg","ဘယ်လာရုစ်":"be","မလေယာလမ်":"ml","မလေး":"ms","မာရာသီ":"mr","မော်ရီ":"mi","မော်လတာ":"mt","မက်ဆီဒိုးနီးယား":"mk","မြန်မာ (မြန်မာ)":"my","မွန်ဂိုလီးယား":"mn","ယူ​က​ရိန်း​":"uk","ရုရှား":"ru","ရိုမေးနီးယား":"ro","လက်တင်":"la","လစ်သူယေးနီးယား":"lt","လတ်ဗီယာ":"lv","ဝေလ":"cy","ဟီဘရူး":"he","ဟေတီ ခရီအိုး":"ht","ဟင်ဒီ":"hi","ဟန်ဂေရီ":"hu","အဇာဘိုင်ဂျန်":"az","အာမေးနီးယား":"hy","အာရေဗျ":"ar","အီတလီ":"it","ဥဇဘက်":"uz","အက်စတိုးနီးယား":"et","အက်စ်ပဲရန်တို":"eo","အိုက်စလန်":"is","အင်္ဂလိပ်":"en","အင်ဒိုနီးရှား":"id","အိုင်းရစ်ရှ်":"ga","အမ်ဟဲရစ်ခ်":"am","အယ်လ်ဘေးနီးယား":"sq","אוזבקית":"uz","אוקראינית":"uk","אזרית":"az","איטלקית":"it","אינדונזית":"id","איסלנדית":"is","אירית":"ga","אלבנית":"sq","אמהרית":"am","אנגלית":"en","אסטונית":"et","אספרנטו":"eo","ארמנית":"hy","באסקית":"eu","בולגרית":"bg","בורמזית":"my","בלארוסית":"be","גליציאנית":"gl","גרמנית":"de","דנית":"da","הולנדית":"nl","הונגרית":"hu","הינדי":"hi","וולשית":"cy","וייטנאמית":"vi","זולו":"zu","טורקית":"tr","טלוגו":"te","יוונית":"el","יפנית":"ja","כורדית":"ku","לטווית":"lv","לטינית":"la","ליטאית":"lt","מאורית":"mi","מאלאיאלם":"ml","מאלזית":"ms","מאראתי":"mr","מונגולית":"mn","מלטית":"mt","מקדונית":"mk","נורווגית":"nb","סינית (מסורתית)":"zh-tw","סינית (פשוטה)":"zh-cn","סלובנית":"sl","סלובקית":"sk","ספרדית":"es","סקוטית גאלית":"gd","סרבית":"sr","עברית":"he","ערבית":"ar","פולנית":"pl","פורטוגזית":"pt","פינית":"fi","פרסית":"fa","צ'כית":"cs","צרפתית":"fr","קאנאדה":"kn","קוריאנית":"ko","קטלאנית":"ca","קרואטית":"hr","קריאולית האיטית":"ht","רומנית":"ro","רוסית":"ru","שוודית":"sv","תאילנדית":"th","азербејџански":"az","албански":"sq","амхарски":"am","англиски":"en","арапски":"ar","баскиски":"eu","белоруски":"be","бугарски":"bg","бурмански":"my","велшки":"cy","виетнамски":"vi","галициски":"gl","германски":"de","грчки":"el","дански":"da","ерменски":"hy","естонски":"et","индонезиски":"id","ирски":"ga","исландски":"is","италијански":"it","јапонски":"ja","канада":"kn","каталонски":"ca","кинески (поедноставен)":"zh-cn","кинески (традиционален)":"zh-tw","корејски":"ko","курдски":"ku","латвиски":"lv","латински":"la","литвански":"lt","македонски":"mk","малајалам":"ml","малајски":"ms","малтешки":"mt","маорски":"mi","маратхи":"mr","монголски":"mn","норвешки":"nb","персиски":"fa","полски":"pl","португалски":"pt","романски":"ro","руски":"ru","словачки":"sk","словенечки":"sl","српски":"sr","тајландски":"th","телугу":"te","турски":"tr","узбечки":"uz","украински":"uk","унгарски":"hu","фински":"fi","француски":"fr","хаитски креолски":"ht","хебрејски":"he","хиндиски":"hi","холандски":"nl","хрватски":"hr","чешки":"cs","шведски":"sv","шкотски галски":"gd","шпански":"es","ಅಜರ್ಬೈಜಾನಿ":"az","ಅಮಹಾರಿಕ್":"am","ಅರಬ್ಬಿ":"ar","ಆರ್ಮೇನಿಯನ್":"hy","ಆಲ್ಬೇನಿಯನ್":"sq","ಇಂಗ್ಲಿಷ್‌‌":"en","ಇಂಡೋನೇಷಿಯನ್":"id","ಇಟಾಲಿಯನ್":"it","ಉಜ್ಬೆಕ್":"uz","ಎಸ್ಟೋನಿಯನ್":"et","ಎಸ್ಪೆರಾಂಟೋ":"eo","ಐರಿಷ್":"ga","ಐಸ್‌ಲ್ಯಾಂಡಿಕ್‌":"is","ಕನ್ನಡ":"kn","ಕುರ್ದಿಶ್":"ku","ಕೊರಿಯನ್":"ko","ಕ್ಯಾಟಲನ್":"ca","ಕ್ರೊಯೇಷಿಯನ್":"hr","ಗ್ಯಾಲೀಷಿಯನ್":"gl","ಗ್ರೀಕ್":"el","ಚೀನಿ (ಸರಳೀಕೃತ)":"zh-cn","ಚೀನಿ (ಸಾಂಪ್ರದಾಯಿಕ)":"zh-tw","ಜಪಾನಿ":"ja","ಜರ್ಮನ್":"de","ಜುಲು":"zu","ಝೆಕ್‌":"cs","ಟರ್ಕಿಷ್":"tr","ಡಚ್":"nl","ಡ್ಯಾನಿಷ್":"da","ತೆಲುಗು":"te","ಥಾಯ್":"th","ನಾರ್ವೇಜಿಯನ್‌":"nb","ಪೋರ್ಚುಗೀಸ್":"pt","ಪೋಲಿಷ್":"pl","ಫಾರ್ಸಿ":"fa","ಫಿನ್ನಿಷ್":"fi","ಫ್ರೆಂಚ್":"fr","ಬರ್ಮೀಸ್":"my","ಬಲ್ಗೇರಿಯನ್":"bg","ಬಾಸ್ಕ್":"eu","ಬೆಲರೂಸಿಯನ್":"be","ಮಂಗೋಲಿಯನ್":"mn","ಮರಾಠಿ":"mr","ಮಲಯ":"ms","ಮಲಯಾಳಂ":"ml","ಮಾಲ್ಟೀಸ್":"mt","ಮಾವೋರಿ":"mi","ಮ್ಯಾಸೆಡೋನಿಯನ್":"mk","ಯುಕ್ರೇನಿಯನ್":"uk","ರಷಿಯನ್":"ru","ರೊಮೇನಿಯನ್":"ro","ಲಿಥುವೇನಿಯನ್":"lt","ಲ್ಯಾಟಿನ್":"la","ಲ್ಯಾಟ್ವಿಯನ್‌":"lv","ವಿಯೆಟ್ನಾಮಿ":"vi","ವೆಲ್ಶ್":"cy","ಸರ್ಬಿಯನ್":"sr","ಸ್ಕಾಟ್ಸ್ ಗ್ಯಾಲಿಕ್":"gd","ಸ್ಪ್ಯಾನಿಷ್":"es","ಸ್ಲೊವಾಕ್":"sk","ಸ್ಲೊವೆನಿಯನ್":"sl","ಸ್ವೀಡಿಷ್":"sv","ಹಂಗೇರಿಯನ್":"hu","ಹಯಥಿಯನ್‌ ಕ್ರಿಯೋಲ್‌":"ht","ಹಿಂದಿ":"hi","ಹೀಬ್ರೂ":"he","അമാറിക്":"am","അർമേനിയൻ":"hy","അൽബേനിയൻ":"sq","അസർബൈജാനി":"az","അറബിക്":"ar","ഇന്തോനേഷ്യൻ":"id","ഇംഗ്ലീഷ്":"en","ഇറ്റാലിയൻ":"it","ഉക്രേനിയൻ":"uk","ഉസ്ബെക്ക്":"uz","എസ്‌പെരന്തോ":"eo","എസ്റ്റോണിയൻ":"et","ഐസ്‌ലാൻഡിക്":"is","ഐറിഷ്":"ga","കന്നട":"kn","കാറ്റലൻ":"ca","കുർദ്ദിഷ്":"ku","കൊറിയൻ":"ko","ക്രൊയേഷ്യൻ":"hr","ഗലീഷ്യൻ":"gl","ഗ്രീക്ക്":"el","ചെക്ക്":"cs","ചൈനീസ് (പരമ്പരാഗതം)":"zh-tw","ചൈനീസ് (ലഘൂകരിച്ചത്)":"zh-cn","ജർമ്മൻ":"de","ജാപ്പനീസ്‌":"ja","ടർക്കിഷ്":"tr","ഡച്ച്":"nl","ഡാനിഷ്":"da","തായ്":"th","തെലുങ്ക്":"te","നോർവീജിയൻ":"nb","പേർഷ്യൻ":"fa","പോർച്ചുഗീസ്":"pt","പോളിഷ്":"pl","ഫിന്നിഷ്":"fi","ഫ്രെഞ്ച്":"fr","ബർമീസ്":"my","ബൾഗേറിയൻ":"bg","ബാസ്ക്":"eu","ബെലാറുഷ്യൻ":"be","മംഗോളിയൻ":"mn","മലയാളം":"ml","മലയ്":"ms","മറാഠി":"mr","മാസഡോണിയൻ":"mk","മാൾട്ടീസ്":"mt","മൗറി":"mi","ലാറ്റിൻ":"la","ലാറ്റ്‌വിയൻ":"lv","ലിത്വേനിയൻ":"lt","വിയറ്റ്നാമീസ്":"vi","വെൽഷ്":"cy","സുളു":"zu","സെർബിയൻ":"sr","സ്കോട്ട്സ് ഗ്യാലിക്":"gd","സ്പാനിഷ്":"es","സ്ലോവാക്":"sk","സ്ലോവേനിയൻ":"sl","സ്വീഡിഷ്":"sv","ഹംഗേറിയൻ":"hu","ഹിന്ദി":"hi","ഹീബ്രു":"he","ഹെയ്തിയൻ ക്രയോൾ":"ht","റഷ്യൻ":"ru","റൊമേനിയൻ":"ro","albánčina":"sq","amharčina":"am","arabčina":"ar","arménčina":"hy","azerbajdžančina":"az","barmčina":"my","bieloruština":"be","bulharčina":"bg","čínština (tradičná)":"zh-tw","dánčina":"da","estónčina":"et","fínčina":"fi","francúzština":"fr","galícijčina":"gl","gréčtina":"el","haitská kreolčina":"ht","hebrejčina":"he","hindčina":"hi","holandčina":"nl","chorvátčina":"hr","indonézština":"id","írčina":"ga","islandčina":"is","japončina":"ja","kannadčina":"kn","katalánčina":"ca","kórejčina":"ko","kurdčina":"ku","latinčina":"la","litovčina":"lt","macedónčina":"mk","maďarčina":"hu","malajámčina":"ml","malajčina":"ms","maltčina":"mt","maorijčina":"mi","maratčina":"mr","mongolčina":"mn","nemčina":"de","nórčina":"nb","perzština":"fa","poľština":"pl","portugalčina":"pt","rumunčina":"ro","slovenčina":"sk","slovinčina":"sl","srbčina":"sr","škótska gaelčina":"gd","španielčina":"es","švédčina":"sv","taliančina":"it","telugčina":"te","thajčina":"th","ukrajinčina":"uk","vietnamčina":"vi","waleština":"cy","zuluština":"zu","isi-albania":"sq","isi-amharic":"am","isi-arabic":"ar","isi-armenian":"hy","isi-azerbaijani":"az","isi-basque":"eu","isi-belarusian":"be","isi-bulgarian":"bg","isi-burmese":"my","isi-catalan":"ca","isi-chinese (simplified)":"zh-cn","isi-chinese (traditional)":"zh-tw","isi-croatian":"hr","isi-czech":"cs","isi-danish":"da","isi-dutch":"nl","isi-english":"en","isi-esperanto":"eo","isi-estonian":"et","isi-finnish":"fi","isi-french":"fr","isi-galician":"gl","isi-german":"de","isi-greek":"el","isi-haitian creole":"ht","isi-hangarian":"hu","isi-hebrew":"he","isi-hindi":"hi","isi-icelandic":"is","isi-indonesian":"id","isi-irish":"ga","isi-italian":"it","isi-japanese":"ja","isi-kannada":"kn","isi-korean":"ko","isi-kurdish":"ku","isi-latin":"la","isi-latvian":"lv","isi-lithuanian":"lt","isi-macedonian":"mk","isi-malay":"ms","isi-malayalam":"ml","isi-maltese":"mt","isi-maori":"mi","isi-marathi":"mr","isi-mongolian":"mn","isi-norwegian":"nb","isi-persian":"fa","isi-polish":"pl","isi-portuguese":"pt","isi-romanian":"ro","isi-russian":"ru","isi-scots gaelic":"gd","isi-serbian":"sr","isi-slovak":"sk","isi-slovenian":"sl","isi-spanish":"es","isi-swedish":"sv","isi-telugu":"te","isi-thai":"th","isi-turkish":"tr","isi-ukrainian":"uk","isi-uzbek":"uz","isi-vietnamese":"vi","isi-welsh":"cy","isizulu":"zu","albania":"sq","armenia":"hy","azerbaijan":"az","belanda":"nl","belarus":"be","bulgaria":"bg","cina (mudah)":"zh-cn","cina (tradisional)":"zh-tw","croatia":"hr","denmark":"da","estonia":"et","finland":"fi","gaelic scotland":"gd","galicia":"gl","hungary":"hu","ibrani":"he","iceland":"is","indonesia":"id","inggeris":"en","ireland":"ga","itali":"it","jepun":"ja","jerman":"de","korea":"ko","kreol haiti":"ht","kurdistan":"ku","latvia":"lv","lithuania":"lt","macedonia":"mk","malta":"mt","melayu":"ms","mongolia":"mn","myanmar":"my","norway":"nb","parsi":"fa","perancis":"fr","poland":"pl","portugis":"pt","romania":"ro","rusia":"ru","sepanyol":"es","serbia":"sr","slovenia":"sl","sweden":"sv","turki":"tr","ukraine":"uk","vietnam":"vi","wales":"cy","азербайджанский":"az","албанский":"sq","амхарский":"am","английский":"en","арабский":"ar","армянский":"hy","баскский":"eu","белорусский":"be","бирманский":"my","болгарский":"bg","валлийский":"cy","венгерский":"hu","вьетнамский":"vi","галисийский":"gl","греческий":"el","датский":"da","иврит":"he","индонезийский":"id","ирландский":"ga","исландский":"is","испанский":"es","итальянский":"it","каталанский":"ca","китайский (традиционный)":"zh-tw","китайский (упрощенный)":"zh-cn","корейский":"ko","креольский (гаити)":"ht","курманджи":"ku","латинский":"la","латышский":"lv","литовский":"lt","македонский":"mk","малайский":"ms","мальтийский":"mt","маори":"mi","монгольский":"mn","немецкий":"de","нидерландский":"nl","норвежский":"nb","персидский":"fa","польский":"pl","португальский":"pt","румынский":"ro","русский":"ru","сербский":"sr","словацкий":"sk","словенский":"sl","тайский":"th","турецкий":"tr","узбекский":"uz","украинский":"uk","финский":"fi","французский":"fr","хинди":"hi","хорватский":"hr","чешский":"cs","шведский":"sv","шотландский (гэльский)":"gd","эсперанто":"eo","эстонский":"et","японский":"ja","albański":"sq","amharski":"am","angielski":"en","arabski":"ar","azerski":"az","baskijski":"eu","białoruski":"be","birmański":"my","bułgarski":"bg","chiński (tradycyjny)":"zh-tw","chiński (uproszczony)":"zh-cn","chorwacki":"hr","czeski":"cs","duński":"da","estoński":"et","fiński":"fi","francuski":"fr","galicyjski":"gl","grecki":"el","hebrajski":"he","hiszpański":"es","indonezyjski":"id","irlandzki":"ga","islandzki":"is","japoński":"ja","kataloński":"ca","koreański":"ko","kreolski (haiti)":"ht","kurdyjski":"ku","litewski":"lt","łaciński":"la","łotewski":"lv","macedoński":"mk","malajalam":"ml","malajski":"ms","maltański":"mt","mongolski":"mn","niderlandzki":"nl","niemiecki":"de","norweski":"nb","ormiański":"hy","perski":"fa","polski":"pl","portugalski":"pt","rosyjski":"ru","rumuński":"ro","serbski":"sr","słowacki":"sk","słoweński":"sl","szkocki gaelicki":"gd","szwedzki":"sv","tajski":"th","turecki":"tr","ukraiński":"uk","uzbecki":"uz","walijski":"cy","węgierski":"hu","wietnamski":"vi","włoski":"it","азербайджанская":"az","албанская":"sq","амхарская":"am","англійская":"en","арабская":"ar","армянская":"hy","балгарская":"bg","баскская":"eu","беларуская":"be","в'етнамская":"vi","валійская":"cy","венгерская":"hu","гаіцянская крэольская":"ht","галандская":"nl","галісійская":"gl","грэчаская":"el","дацкая":"da","інданезійская":"id","ірландская":"ga","ісландская":"is","іспанская":"es","італьянская":"it","іўрыт":"he","карэйская":"ko","каталонская":"ca","кітайская (спрошчаная)":"zh-cn","кітайская (традыцыйная)":"zh-tw","курдская (курманджы)":"ku","латышская":"lv","лацінская":"la","літоўская":"lt","м'янманская (бірманская)":"my","маары":"mi","македонская":"mk","малайская":"ms","мальтыйская":"mt","мангольская":"mn","нарвежская":"nb","нямецкая":"de","партугальская":"pt","персідская":"fa","польская":"pl","румынская":"ro","руская":"ru","сербская":"sr","славацкая":"sk","славенская":"sl","тайская":"th","турэцкая":"tr","тэлугу":"te","узбекская":"uz","украінская":"uk","фінская":"fi","французская":"fr","харвацкая":"hr","хіндзі":"hi","чэшская":"cs","шатландская гэльская":"gd","шведская":"sv","эсперанта":"eo","эстонская":"et","японская":"ja","amarikisht":"am","anglisht":"en","arabisht":"ar","armenisht":"hy","azerisht":"az","baskisht":"eu","birmanisht":"my","bjellorusisht":"be","bullgarisht":"bg","çekisht":"cs","danisht":"da","estonisht":"et","finlandisht":"fi","frëngjisht":"fr","galicianisht":"gl","galishte skoceze":"gd","greqisht":"el","gjermanisht":"de","hebraisht":"he","hindisht":"hi","holandisht":"nl","hungarisht":"hu","indonezisht":"id","irlandisht":"ga","islandisht":"is","italisht":"it","japonisht":"ja","kanada":"kn","katalonisht":"ca","kinezisht (e thjeshtuar)":"zh-cn","kinezisht (tradicionale)":"zh-tw","koreanisht":"ko","kreolishte haitiane":"ht","kroatisht":"hr","latinisht":"la","letonisht":"lv","lituanisht":"lt","malajalamisht":"ml","malajzisht":"ms","malteze":"mt","maorisht":"mi","maqedonisht":"mk","maratisht":"mr","mongolisht":"mn","norvegjisht":"nb","persisht":"fa","polonisht":"pl","portugalisht":"pt","rumanisht":"ro","rusisht":"ru","serbisht":"sr","sllovakisht":"sk","sllovenisht":"sl","spanjisht":"es","suedisht":"sv","shqip":"sq","tajlandisht":"th","telugisht":"te","turqisht":"tr","uellsisht":"cy","ukrainisht":"uk","uzbekisht":"uz","vietnamisht":"vi","ሀንጋሪኛ":"hu","ህንድኛ":"hi","ሊትዌንኛ":"lt","ላቲንኛ":"la","ላትቪያኛ":"lv","ማላያላምኛ":"ml","ማላይኛ":"ms","ማልቲስኛ":"mt","ማራቲኛ":"mr","ማዮሪኛ":"mi","ሜቄዶኒያኛ":"mk","ሞንጎሊያኛ":"mn","ራሽያኛ":"ru","ሮማኒያንኛ":"ro","ሰርቢያኛ":"sr","ስሎቫክኛ":"sk","ስሎቬንያኛ":"sl","ስዊድንኛ":"sv","ስፓኒሽኛ":"es","በርማኛ":"my","ቡልጋሪያኛ":"bg","ባስክኛ":"eu","ቤላሩስኛ":"be","ቪትናምኛ":"vi","ቱርክኛ":"tr","ታይኛ":"th","ቴሉጉኛ":"te","ቻይንኛ   (ቀላሉ)":"zh-cn","ቻይንኛ  (ባሕላዊው)":"zh-tw","ቼክኛ":"cs","ኖርዌጅያንኛ":"nb","አልባንያኛ":"sq","አማርኛ":"am","አርመኒያኛ":"hy","አዜርባይጃንኛ":"az","አይሪሽ":"ga","አይስላንድኛ":"is","ኡዝቤክኛ":"uz","ኤስቶኒያኛ":"et","ኤስፐራንቶ":"eo","እንዶኔዢያኛ":"id","እንግሊዝኛ":"en","ኩርድሽኛ":"ku","ካታላንኛ":"ca","ካናዳኛ":"kn","ክሮኤሽያኛ":"hr","ኮሪያኛ":"ko","ዌልሽ":"cy","ዐረብኛ":"ar","ዕብራይስጥ":"he","ዙሉኛ":"zu","የሃይቲ ክረኦሌኛ":"ht","የስኮት ጌልክኛ":"gd","ዩክሬንኛ":"uk","ደችኛ":"nl","ዴንሽኛ":"da","ጀርመንኛ":"de","ጃፓንኛ":"ja","ጋሊሺያኛ":"gl","ግሪክኛ":"el","ጣሊያንኛ":"it","ፈረንሳይኛ":"fr","ፊኒሽኛ":"fi","ፐርሺያኛ":"fa","ፖሊሽኛ":"pl","ፖርቱጋሊኛ":"pt","alban":"sq","alman":"de","amarikcə":"am","azərbaycan dili":"az","bask":"eu","belarusca":"be","bolqar":"bg","çex":"cs","çin (ən'ənəvi)":"zh-tw","çin (sadələşdirilmiş)":"zh-cn","danimarka":"da","erməni":"hy","eston":"et","ərəb":"ar","fars dili":"fa","fin":"fi","fransız":"fr","haiti kreol dili":"ht","hind":"hi","xorvat":"hr","ispan":"es","i̇ndoneziya":"id","i̇ngilis":"en","i̇rland":"ga","i̇sland":"is","i̇sveç":"sv","i̇talyan":"it","i̇vrit":"he","katalan":"ca","koreya":"ko","kürd dili (kurmanci)":"ku","qalisian":"gl","latın":"la","latış":"lv","litva":"lt","macar":"hu","makedoniya":"mk","maoricə":"mi","monqolca":"mn","myanma (birma) dili":"my","norveç":"nb","özbək":"uz","polyak":"pl","portuqal":"pt","rumın":"ro","rus":"ru","serb":"sr","sloven":"sl","şotland (kelt)":"gd","tayca":"th","teluqu":"te","türk":"tr","uels":"cy","ukrayna":"uk","vyetnam":"vi","yapon":"ja","yunan":"el","zulu dili":"zu","albaniż":"sq","amħari":"am","armen":"hy","ażerbajġani":"az","belarussu":"be","bulgaru":"bg","ċek":"cs","ċiniż (semplifikat)":"zh-cn","ċiniż (tradizzjonali)":"zh-tw","creole haiti":"ht","daniż":"da","ebrajk":"he","estonjan":"et","finlandiż":"fi","franċiż":"fr","ġappuniż":"ja","ġermaniż":"de","gaelic tal-iskoċċiżi":"gd","galizjan":"gl","grieg":"el","għarbi":"ar","ħindi":"hi","indoneżjan":"id","ingliż":"en","irlandiż":"ga","islandiż":"is","kroat":"hr","kurd (kurmanji)":"ku","latvjan":"lv","litwen":"lt","maċedonjan":"mk","malasjan":"ms","malti":"mt","marati":"mr","mjanmar (burma)":"my","mongoljan":"mn","norveġiż":"nb","olandiż":"nl","persjan":"fa","pollakk":"pl","portugiż":"pt","rumen":"ro","russu":"ru","slovakk":"sk","spanjol":"es","svediż":"sv","tajlandiż":"th","taljan":"it","tork":"tr","ukren":"uk","ungeriż":"hu","użbek":"uz","vjetnamiż":"vi","żulu":"zu","albanski":"sq","amharik":"am","arapski":"ar","armenijski":"hy","azerbajdžanski":"az","bjeloruski":"be","bugarski":"bg","burmanski":"my","češki":"cs","danski":"da","engleski":"en","estonski":"et","finski":"fi","galski":"gl","grčki":"el","haićansko-kreolski":"ht","hebrejski":"he","hindu":"hi","hrvatski":"hr","indonezijski":"id","irski":"ga","islandski":"is","japanski":"ja","katalonski":"ca","kineski (pojednost.)":"zh-cn","kineski (tradicionalni)":"zh-tw","korejski":"ko","kurdski":"ku","latinski":"la","latvijski/letonski":"lv","litvanski":"lt","mađarski":"hu","makedonski":"mk","malezijski":"ms","malteški":"mt","nizozemski":"nl","norveški":"nb","njemački":"de","perzijski":"fa","poljski":"pl","rumunjski":"ro","ruski":"ru","slovački":"sk","slovenski":"sl","srpski":"sr","škotski keltski":"gd","španjolski":"es","švedski":"sv","tajlandski":"th","talijanski":"it","turski":"tr","ukrajinski":"uk","uzbekistanski":"uz","velški":"cy","vijetnamski":"vi","آذرباﻳﺠﺎﻧﻰ":"az","آلبانیایی":"sq","آلمانی":"de","ارمنی":"hy","ازبکی":"uz","اسپانیایی":"es","اسپرانتو":"eo","استونيايی":"et","اسلواکی":"sk","اسلونیایی":"sl","اکراينی":"uk","امهری":"am","اندونزيايی":"id","انگلیسی":"en","ایتالیایی":"it","ایرلندی":"ga","ايسلندی":"is","باسکی":"eu","برمه‌ای":"my","بلاروسی":"be","بلغاری":"bg","پرتغالی":"pt","تايلندی":"th","ترکی استانبولی":"tr","تلوگو":"te","چک":"cs","چینی (ساده‌شده)":"zh-cn","چینی (سنتی)":"zh-tw","دانمارکی":"da","روسی":"ru","رومانيايی":"ro","زولو":"zu","ژاپنی":"ja","سوئدی":"sv","صربی":"sr","عبری":"he","عربی":"ar","فارسی":"fa","فرانسوی":"fr","فنلاندی":"fi","کاتالان":"ca","کانارا":"kn","کرئول هائیتی":"ht","کردی":"ku","کرواتی":"hr","کره‌ای":"ko","گالیسی":"gl","گاليک اسکاتلندی":"gd","لاتين":"la","لتونيايی":"lv","لهستانی":"pl","ليتوانيايی":"lt","مائوری":"mi","مالایالمی":"ml","مالايی":"ms","مالتی":"mt","مجاری":"hu","مراتی":"mr","مغولی":"mn","مقدونيه‌ای":"mk","نروژی":"nb","ولزی":"cy","ويتنامی":"vi","هلندی":"nl","هندی":"hi","يونانی":"el","ahepaitani":"az","airihi":"ga","amariki":"am","amēniana":"hy","arapeinia":"sq","arapi":"ar","eperānato":"eo","etōnia":"et","haina (onamata)":"zh-tw","hainamana (kua whakamāmātia)":"zh-cn","hanekeria":"hu","hapanihi":"ja","herepia":"sr","hinerangi":"fi","hīni":"hi","hiperu":"he","horowākia":"sk","horowinia":"sl","huitene":"sv","huru":"zu","ingarihi":"en","initonīhia":"id","itāriana":"it","kanata":"kn","karihia":"gl","katarāna":"ca","kereore haiti":"ht","kiriki":"el","kōreana":"ko","koroātiana":"hr","korukoru":"tr","kūrihi":"ku","makerōnia":"mk","māratihi":"mt","marei":"ms","mareiarama":"ml","mongōriana":"mn","nōwei":"nb","pākihi":"eu","pāniora":"es","pēma (purumīhi)":"my","peraruhia":"be","perēhia":"fa","pōrana":"pl","potukīhi":"pt","purukāriana":"bg","rātini":"la","rāwhiana":"lv","rituānia":"lt","romānia":"ro","rūhia":"ru","tai":"th","tati":"nl","tenemāka":"da","teruku":"te","tiamana":"de","tieke":"cs","tiorangi":"is","tuauri kotarangi":"gd","uhipeke":"uz","ūkareiana":"uk","wēra":"cy","whitināmu":"vi","wīwī":"fr","αγγλικά":"en","αζερμπαϊτζανικά":"az","αλβανικά":"sq","αμχαρικά":"am","αραβικά":"ar","αρμενικά":"hy","βασκικά":"eu","βιετναμεζικά":"vi","βιρμανικά":"my","βουλγαρικά":"bg","γαελικά σκοτίας":"gd","γαλικιακά":"gl","γαλλικά":"fr","γερμανικά":"de","δανικά":"da","εβραϊκά":"he","ελληνικά":"el","εσθονικά":"et","εσπεράντο":"eo","ζουλού":"zu","ιαπωνικά":"ja","ινδονησιακά":"id","ιρλανδικά":"ga","ισλανδικά":"is","ισπανικά":"es","ιταλικά":"it","κανάντα":"kn","καταλανικά":"ca","κινέζικα (απλοποιημένα)":"zh-cn","κινέζικα (παραδοσιακά)":"zh-tw","κορεατικά":"ko","κουρδικά":"ku","κρεόλ αϊτής":"ht","κροατικά":"hr","λατινικά":"la","λετονικά":"lv","λευκορωσικά":"be","λιθουανικά":"lt","μαλαγιάλαμ":"ml","μαλέι":"ms","μαλτεζικά":"mt","μαορί":"mi","μαραθικά":"mr","μογγολικά":"mn","νορβηγικά":"nb","ολλανδικά":"nl","ουαλικά":"cy","ουγγρικά":"hu","ουζμπεκικά":"uz","ουκρανικά":"uk","περσικά":"fa","πολωνικά":"pl","πορτογαλικά":"pt","ρουμανικά":"ro","ρωσικά":"ru","σερβικά":"sr","σλαβομακεδονικά":"mk","σλοβακικά":"sk","σλοβενικά":"sl","σουηδικά":"sv","ταϊλανδεζικά":"th","τελούγκου":"te","τούρκικα":"tr","τσεχικά":"cs","φινλανδικά":"fi","χίντι":"hi","amxar":"am","arman":"hy","bolgar":"bg","dat":"da","fors":"fa","fransuz":"fr","gaiti-kreol":"ht","galisiy":"gl","golland":"nl","grek":"el","ibroniy":"he","indonez":"id","ingliz":"en","irland":"ga","island":"is","italyan":"it","koreys":"ko","kurd (kurmonji)":"ku","latish":"lv","lotin":"la","makedon":"mk","maltiy":"mt","maratxi":"mr","mo‘g‘ul":"mn","nemis":"de","norveg":"nb","ozarbayjon":"az","portugal":"pt","rumin":"ro","tay":"th","turk":"tr","ukrain":"uk","valliy":"cy","venger":"hu","xitoy (an’anaviy)":"zh-tw","xitoy (soddalashgan)":"zh-cn","o‘zbek":"uz","shotland-gel":"gd","shved":"sv","chex":"cs","albanska":"sq","amharísku":"am","arabíska":"ar","armenska":"hy","aserska":"az","baskneska":"eu","búlgarska":"bg","búrmíska":"my","danska":"da","eistneska":"et","enska":"en","esperantó":"eo","finnska":"fi","franska":"fr","galisíska":"gl","gríska":"el","haítískt kreólamál":"ht","hebreska":"he","hindí":"hi","hollenska":"nl","hvítrússneska":"be","indónesíska":"id","írska":"ga","íslenska":"is","ítalska":"it","japanska":"ja","katalónska":"ca","kínverska (einfölduð)":"zh-cn","kínverska (hefðbundin)":"zh-tw","kóreska":"ko","króatíska":"hr","kúrdíska":"ku","latína":"la","lettneska":"lv","litháíska":"lt","makedónska":"mk","malajíska":"ms","maltneska":"mt","maoríska":"mi","maratí":"mr","mongólska":"mn","norska":"nb","persneska":"fa","portúgalska":"pt","pólska":"pl","rúmenska":"ro","rússneska":"ru","serbneska":"sr","skosk-gelíska":"gd","slóvakíska":"sk","slóvenska":"sl","spænska":"es","súlú":"zu","sænska":"sv","taílenska":"th","tékkneska":"cs","tyrkneska":"tr","ungverska":"hu","úkraínska":"uk","úsbekíska":"uz","velska":"cy","víetnamska":"vi","þýska":"de","ադրբեջաներեն":"az","ալբաներեն":"sq","ամհարերեն":"am","անգլերեն":"en","արաբերեն":"ar","բասկերեն":"eu","բելառուսերեն":"be","բիրմաներեն":"my","բուլղարերեն":"bg","գալիսերեն":"gl","գերմաներեն":"de","դանիերեն":"da","եբրայերեն":"he","զուլուսերեն":"zu","էսպերանտո":"eo","էստոներեն":"et","թայերեն":"th","թուրքերեն":"tr","ինդոնեզերեն":"id","իռլանդերեն":"ga","իսլանդերեն":"is","իսպաներեն":"es","իտալերեն":"it","լատիներեն":"la","լատվիերեն":"lv","լեհերեն":"pl","լիտվերեն":"lt","խորվաթերեն":"hr","կաննադա":"kn","կատալաներեն":"ca","կելտական շոտլանդերեն":"gd","կորեերեն":"ko","կրեոլերեն (հայիթի)":"ht","հայերեն":"hy","հինդի":"hi","հոլանդերեն":"nl","հունարեն":"el","հունգարերեն":"hu","ճապոներեն":"ja","մալայալամ":"ml","մալայերեն":"ms","մալթերեն":"mt","մակեդոներեն":"mk","մաորի":"mi","մարաթի":"mr","մոնղոլերեն":"mn","նորվեգերեն":"nb","շվեդերեն":"sv","ուզբեկերեն":"uz","ուկրաիներեն":"uk","չեխերեն":"cs","չինարեն (ավանդական)":"zh-tw","չինարեն (պարզեցված)":"zh-cn","պարսկերեն":"fa","պորտուգալերեն":"pt","ռումիներեն":"ro","ռուսերեն":"ru","սերբերեն":"sr","սլովակերեն":"sk","սլովեներեն":"sl","վալերեն":"cy","վիետնամերեն":"vi","տելուգու":"te","քրդերեն (քուրմանջի)":"ku","ֆիններեն":"fi","ֆրանսերեն":"fr","arabia":"ar","baski":"eu","burma":"my","englanti":"en","espanja":"es","haitinkreoli":"ht","heprea":"he","hollanti":"nl","iiri":"ga","islanti":"is","italia":"it","japani":"ja","katalaani":"ca","kiina (perinteinen)":"zh-tw","kiina (yksinkert.)":"zh-cn","kreikka":"el","kroatia":"hr","kurdi":"ku","kymri":"cy","liettua":"lt","makedonia":"mk","malaiji":"ms","norja":"nb","persia":"fa","portugali":"pt","puola":"pl","ranska":"fr","ruotsi":"sv","saksa":"de","skottigaeli":"gd","slovakia":"sk","suomi":"fi","tanska":"da","tsekki":"cs","turkki":"tr","ukraina":"uk","unkari":"hu","uzbekki":"uz","valkovenäjä":"be","venäjä":"ru","viro":"et","albaniera":"sq","alemana":"de","amharera":"am","arabiera":"ar","armeniera":"hy","azerbaijanera":"az","bielorrusiera":"be","birmaniera":"my","bulgariera":"bg","daniera":"da","errumaniera":"ro","errusiera":"ru","eskoziako gaelera":"gd","eslovakiera":"sk","esloveniera":"sl","esperantoa":"eo","estoniera":"et","euskara":"eu","frantsesa":"fr","gaelera":"cy","galiziera":"gl","gaztelania":"es","greziera":"el","hebreera":"he","hindia":"hi","hungariera":"hu","indonesiera":"id","ingelesa":"en","irlandera":"ga","islandiera":"is","italiera":"it","japoniera":"ja","katalana":"ca","koreera":"ko","kreolera (haiti)":"ht","kroaziera":"hr","kurduera":"ku","letoniera":"lv","lituaniera":"lt","malabarera":"ml","malaysiera":"ms","maltera":"mt","maoriera":"mi","marathera":"mr","mazedoniera":"mk","mongoliera":"mn","nederlandera":"nl","norvegiera":"nb","persiera":"fa","poloniera":"pl","portugesa":"pt","serbiera":"sr","suediera":"sv","suomiera":"fi","telugua":"te","thaiera":"th","turkiera":"tr","txekiera":"cs","txinera (soildua)":"zh-cn","txinera (tradizionala)":"zh-tw","ukrainera":"uk","uzbekera":"uz","vietnamera":"vi","zuluera":"zu","albanès":"sq","alemany":"de","amhàric":"am","anglès":"en","àrab":"ar","armeni":"hy","àzeri":"az","basc":"eu","bielorús":"be","birmà":"my","búlgar":"bg","castellà":"es","català":"ca","coreà":"ko","crioll d'haití":"ht","croat":"hr","danès":"da","eslovac":"sk","eslovè":"sl","estonià":"et","finès":"fi","francès":"fr","gaèlic escocès":"gd","gallec":"gl","gal·lès":"cy","hebreu":"he","hongarès":"hu","indonesi":"id","irlandès":"ga","islandès":"is","italià":"it","japonès":"ja","letó":"lv","lituà":"lt","llatí":"la","macedònic":"mk","malai":"ms","malaiàlam":"ml","maltès":"mt","neerlandès":"nl","noruec":"nb","polonès":"pl","portuguès":"pt","romanès":"ro","serbi":"sr","suec":"sv","txec":"cs","ucraïnès":"uk","xinès (simplificat)":"zh-cn","xinès (tradicional)":"zh-tw","albāņu":"sq","amharu":"am","angļu":"en","arābu":"ar","armēņu":"hy","azerbaidžāņu":"az","baltkrievu":"be","basku":"eu","birmiešu":"my","bulgāru":"bg","čehu":"cs","dāņu":"da","ebreju (ivrits)":"he","franču":"fr","galisiešu":"gl","grieķu":"el","holandiešu":"nl","horvātu":"hr","igauņu":"et","indonēziešu":"id","īru":"ga","īslandiešu":"is","itāļu":"it","japāņu":"ja","katalāņu":"ca","korejiešu":"ko","kreolu (haiti)":"ht","krievu":"ru","kurdu":"ku","ķīniešu (tradicionālā)":"zh-tw","ķīniešu (vienkāršotā)":"zh-cn","latīņu":"la","latviešu":"lv","lietuviešu":"lt","maķedoniešu":"mk","malajalamiešu":"ml","malajiešu":"ms","maltiešu":"mt","maratu":"mr","mongoļu":"mn","norvēģu":"nb","persiešu":"fa","poļu":"pl","portugāļu":"pt","rumāņu":"ro","serbu":"sr","skotu gēlu":"gd","slovāku":"sk","slovēņu":"sl","somu":"fi","spāņu":"es","taju":"th","turku":"tr","ukraiņu":"uk","ungāru":"hu","uzbeku":"uz","vācu":"de","velsiešu":"cy","vjetnamiešu":"vi","zviedru":"sv","belarussia":"be","cek":"cs","china (aks. sederhana)":"zh-cn","china (aks. tradisional)":"zh-tw","finlandia":"fi","gaelig":"ga","gaelik skotlandia":"gd","galisia":"gl","inggris":"en","islan":"is","jepang":"ja","katala":"ca","lituania":"lt","polandia":"pl","prancis":"fr","rumania":"ro","swensk":"sv","yunani":"el","అజర్‌బైజాని":"az","అర్మేనియన్":"hy","అల్బేనియన్":"sq","ఆంగ్లము":"en","ఆమ్హారిక్":"am","ఆరబిక్":"ar","ఇండొనేసియన్":"id","ఇటాలియన్":"it","ఉజ్బెక్":"uz","ఎస్పెరాంటో":"eo","ఏస్టోనియన్":"et","ఐరిష్":"ga","ఐస్ లాండిక్":"is","కన్నడ":"kn","కర్డిష్":"ku","కొరియన్":"ko","క్యాటలాన్":"ca","క్రొయేషియన్":"hr","గాలిసియన్":"gl","గ్రీక్":"el","చెక్":"cs","చైనీస్ (సరళమైన)":"zh-cn","చైనీస్ (సామ్ప్రదాయమైన)":"zh-tw","జపనీస్":"ja","జర్మన్":"de","జులు":"zu","టర్కిష్":"tr","డచ్":"nl","డానిష్":"da","తెలుగు":"te","థాయ్":"th","నార్విజియన్":"nb","పర్షియన్":"fa","పోర్చుగీస్":"pt","పోలిష్":"pl","ఫిన్నిష్":"fi","ఫ్రెంచ్":"fr","బర్మీస్":"my","బల్గేరియన్":"bg","బాస్క్":"eu","బెలారుషియన్":"be","మంగోలియన్":"mn","మయోరి":"mi","మరాఠీ":"mr","మలయాళం":"ml","మాలై":"ms","మాల్టీస్":"mt","మాసిడోనియన్":"mk","యుక్రేనియన్":"uk","రష్యన్":"ru","రొమేనియన్":"ro","లాటిన్":"la","లాట్వియన్":"lv","లిథువేనియన్":"lt","వియత్నామీస్":"vi","వెల్ష్":"cy","సెర్బియన్":"sr","స్కాట్స్ గేలిక్":"gd","స్పానిష్":"es","స్లోవక్":"sk","స్లోవేనియన్":"sl","స్వీడిష్":"sv","హంగేరియన్":"hu","హిందీ":"hi","హీబ్రూ":"he","హైయేటియన్ క్రియోల్":"ht","amhárico":"am","azerí":"az","chino (simplificado)":"zh-cn","chino (tradicional)":"zh-tw","criollo haitiano":"ht","danés":"da","estonio":"et","euskera":"eu","finlandés":"fi","gallego":"gl","griego":"el","japonés":"ja","kurdo":"ku","malayo":"ms","noruego":"nb","rumano":"ro","uzbeco":"uz","albaania":"sq","amhaari":"am","araabia":"ar","armeenia":"hy","aserbaidžaani":"az","birma":"my","bulgaaria":"bg","eesti":"et","galeegi":"gl","haitikreooli":"ht","heebrea":"he","hispaania":"es","hollandi":"nl","horvaadi":"hr","indoneesia":"id","inglise":"en","islandi":"is","itaalia":"it","jaapani":"ja","kreeka":"el","ladina":"la","leedu":"lt","lihtsustatud hiina":"zh-cn","läti":"lv","makedoonia":"mk","malajalaami":"ml","maoori":"mi","mongoli":"mn","norra":"nb","poola":"pl","prantsuse":"fr","pärsia":"fa","rootsi":"sv","rumeenia":"ro","slovaki":"sk","sloveeni":"sl","soome":"fi","suulu":"zu","šoti":"gd","taani":"da","traditsiooniline hiina":"zh-tw","tšehhi":"cs","türgi":"tr","uelsi":"cy","ungari":"hu","usbeki":"uz","valgevene":"be","vene":"ru","albanyen":"sq","amenyen":"hy","anglè":"en","azèbajani":"az","belarisyen":"be","bilgaryen":"bg","chinwa (senp)":"zh-cn","chinwa (tradisyonèl)":"zh-tw","danwa":"da","ebre":"he","endonezyen":"id","endou":"hi","estonyen":"et","fenlandè":"fi","franse":"fr","gaelik ekosè":"gd","galisyen":"gl","grèk":"el","ikrenyen":"uk","ilandè":"ga","islandè":"is","italyen":"it","izbèk":"uz","japonè":"ja","koreyen":"ko","kreyòl ayisyen":"ht","kurde (kurmandji)":"ku","kwoasyen":"hr","laten":"la","letonyen":"lv","lityanyen":"lt","malè":"ms","malt":"mt","masedonyen":"mk","mongolyen":"mn","myanma (burmese)":"my","nòvejyen":"nb","olandè, neyèlandè":"nl","onngaryen":"hu","panyòl":"es","pèsyen":"fa","polonè":"pl","pòtigè":"pt","ris":"ru","romanyen":"ro","sèb":"sr","slovenyen":"sl","syedwa":"sv","tuk":"tr","tyèk":"cs","vyetnamyen":"vi","albaneg":"sq","almaeneg":"de","arabeg":"ar","armeneg":"hy","aserbaijaneg":"az","basgeg":"eu","belarwseg":"be","bwlgaraidd":"bg","catalaneg":"ca","creol haiti":"ht","croateg":"hr","cymraeg":"cy","cyrdeg (kurmandji)":"ku","daneg":"da","eidaleg":"it","estoneg":"et","fietnameg":"vi","ffineg":"fi","fflemeg":"nl","ffrangeg":"fr","gaeleg yr alban":"gd","galisaidd":"gl","groeg":"el","gwyddeleg":"ga","hebraeg":"he","hwngareg":"hu","iaith corea":"ko","indonesieg":"id","islandeg":"is","iwcraineg":"uk","japaneg":"ja","latfieg":"lv","lithwaneg":"lt","lladin":"la","macedoneg":"mk","malteseg":"mt","mongoleg":"mn","myanmar (byrma)":"my","norwyeg":"nb","perseg":"fa","portiwgaleg":"pt","pwyleg":"pl","rwmaneg":"ro","rwsieg":"ru","saesneg":"en","sbaeneg":"es","serbeg":"sr","slofac":"sk","slofenia":"sl","swedeg":"sv","swlw":"zu","tsieceg":"cs","tsieineeg (traddodiadol)":"zh-tw","tsieineeg (wedi symleiddio)":"zh-cn","twrceg":"tr","usbec":"uz","अंग्रेज़ी":"en","अज़रबैजानी":"az","अल्बेनियन":"sq","आइसलैंडिक":"is","आर्मेनियन":"hy","इटैलियन":"it","उज़्बेक":"uz","एस्तोनियन":"et","एस्पेरांटो":"eo","ऐम्हेरिक":"am","कन्नड़":"kn","कुर्दिश (करमंजी)":"ku","कैटेलन":"ca","गैलिशियन":"gl","चीनी (परंपरागत)":"zh-tw","चेक":"cs","जापानी":"ja","ज़ुलु":"zu","डैनिश":"da","तुर्क":"tr","तेलुगु":"te","पुर्तगाली":"pt","फ़िनिश":"fi","फ़्रेंच":"fr","बर्मी":"my","बुल्गारियन":"bg","बेलारूसीयन":"be","बैस्क":"eu","मलयालम":"ml","माऔरी":"mi","माल्टी":"mt","मेसीडोनियन":"mk","यूक्रेनियन":"uk","रूसी":"ru","रोमेनियन":"ro","लातवियन":"lv","लैटिन":"la","वियतनामी":"vi","सर्बियाई":"sr","स्पैनिश":"es","स्लोवाक":"sk","स्लोवेनियन":"sl","हंगरियन":"hu","हीब्रू":"he","हैतियन क्रिओल":"ht","阿尔巴尼亚语":"sq","阿拉伯语":"ar","阿姆哈拉语":"am","阿塞拜疆语":"az","爱尔兰语":"ga","爱沙尼亚语":"et","巴斯克语":"eu","白俄罗斯语":"be","保加利亚语":"bg","冰岛语":"is","波兰语":"pl","波斯语":"fa","丹麦语":"da","德语":"de","俄语":"ru","法语":"fr","芬兰语":"fi","海地克里奥尔语":"ht","韩语":"ko","荷兰语":"nl","加利西亚语":"gl","加泰罗尼亚语":"ca","捷克语":"cs","卡纳达语":"kn","克罗地亚语":"hr","库尔德语":"ku","拉丁语":"la","拉脱维亚语":"lv","立陶宛语":"lt","罗马尼亚语":"ro","马耳他语":"mt","马拉地语":"mr","马拉雅拉姆语":"ml","马来语":"ms","马其顿语":"mk","毛利语":"mi","蒙古语":"mn","缅甸语":"my","南非祖鲁语":"zu","挪威语":"nb","葡萄牙语":"pt","日语":"ja","瑞典语":"sv","塞尔维亚语":"sr","世界语":"eo","斯洛伐克语":"sk","斯洛文尼亚语":"sl","苏格兰盖尔语":"gd","泰卢固语":"te","泰语":"th","土耳其语":"tr","威尔士语":"cy","乌克兰语":"uk","乌兹别克语":"uz","西班牙语":"es","希伯来语":"he","希腊语":"el","匈牙利语":"hu","亚美尼亚语":"hy","意大利语":"it","印地语":"hi","印尼语":"id","英语":"en","越南语":"vi","中文(繁体)":"zh-tw","中文(简体)":"zh-cn","азербайджански":"az","английски":"en","арабски":"ar","арменски":"hy","баски":"eu","беларуски":"be","бирмански":"my","български":"bg","галисийски":"gl","гръцки":"el","датски":"da","индонезийски":"id","ирландски":"ga","испански":"es","италиански":"it","китайски (опростен)":"zh-cn","китайски (традиционен)":"zh-tw","корейски":"ko","кюрдски":"ku","латвийски":"lv","литовски":"lt","малайски":"ms","малтийски":"mt","немски":"de","нидерландски":"nl","норвежки":"nb","персийски":"fa","румънски":"ro","словашки":"sk","словенски":"sl","сръбски":"sr","тайландски":"th","уелски":"cy","узбекски":"uz","финландски":"fi","френски":"fr","хаитянски креолски":"ht","хърватски":"hr","шотландски келтски":"gd","японски":"ja","الآيسلندية":"is","الأذرية":"az","الارمنية":"hy","الإسبانية":"es","الاسبرانتو":"eo","الإستونية":"et","الاسكتلندية الغالية":"gd","الألبانية":"sq","الألمانية":"de","الأمهرية":"am","الإنجليزية":"en","الإندونيسية":"id","الأوزبكية":"uz","الأوكرانية":"uk","الأيرلندية":"ga","الإيطالية":"it","الباسكية":"eu","البرتغالية":"pt","البلغارية":"bg","البورمية":"my","البولندية":"pl","البيلاروسية":"be","التايلاندية":"th","التركية":"tr","التشيكية":"cs","التيلوجو":"te","الجاليكية":"gl","الدانماركية":"da","الروسية":"ru","الرومانية":"ro","الزولوية":"zu","السلوفاكية":"sk","السلوفينية":"sl","السويدية":"sv","الصربية":"sr","الصينية (التقليدية)":"zh-tw","الصينية (المبسطة)":"zh-cn","العبرية":"he","العربية":"ar","الفارسية":"fa","الفرنسية":"fr","الفنلندية":"fi","الفيتنامية":"vi","القطلونية":"ca","الكانادا":"kn","الكردية":"ku","الكرواتية":"hr","الكورية":"ko","اللاتفية":"lv","اللاتينية":"la","اللغة الكريولية الهايتية":"ht","الليتوانية":"lt","المالايالامية":"ml","المالطيّة":"mt","الماورية":"mi","المقدونية":"mk","الملايو":"ms","المنغولية":"mn","المهراتية":"mr","النرويجية":"nb","الهندية":"hi","الهنغارية":"hu","الهولندية":"nl","الويلزية":"cy","اليابانية":"ja","اليونانية":"el","баскијски":"eu","вијетнамски":"vi","галски":"gl","енглески":"en","индонежански":"id","јапански":"ja","јерменски":"hy","кинески (поједностављени)":"zh-cn","кинески (традиционални)":"zh-tw","креолски (хаити)":"ht","летонски":"lv","мађарски":"hu","марати":"mr","немачки":"de","персијски":"fa","пољски":"pl","румунски":"ro","словеначки":"sl","тајски":"th","украјински":"uk","азербайжан":"az","албани":"sq","амхарик":"am","англи":"en","араб":"ar","армени":"hy","баск":"eu","беларусь":"be","бирм":"my","болгар":"bg","вьетнам":"vi","гаити креол":"ht","галик":"gl","гаэл":"gd","герман":"de","голланд":"nl","грек":"el","дани":"da","индонези":"id","ирланд":"ga","исланд":"is","испани":"es","итали":"it","каталан":"ca","кипр":"he","курд":"ku","латви":"lv","латин":"la","литва":"lt","македон":"mk","малай":"ms","малайлам":"ml","малти":"mt","монгол":"mn","норвеги":"nb","орос":"ru","перс":"fa","польш":"pl","португаль":"pt","румын":"ro","серби":"sr","словак":"sk","словени":"sl","солонгос":"ko","тай":"th","турк":"tr","тэлүгү":"te","узбек":"uz","украин":"uk","унгар":"hu","уэльс":"cy","финлянд":"fi","франц":"fr","хорват":"hr","хятад (ердийн)":"zh-cn","хятад (уламжлалт)":"zh-tw","чех":"cs","швед":"sv","эстони":"et","япон":"ja","amhariska":"am","arabiska":"ar","armeniska":"hy","azerbajdzjanska":"az","baskiska":"eu","bulgariska":"bg","burmesiska":"my","engelska":"en","estniska":"et","finska":"fi","gaeliska":"gd","galiciska":"gl","grekiska":"el","haitiska":"ht","hebreiska":"he","indonesiska":"id","irländska":"ga","isländska":"is","italienska":"it","kanaresiska":"kn","katalanska":"ca","kinesiska (förenklad)":"zh-cn","kinesiska (traditionell)":"zh-tw","koreanska":"ko","kroatiska":"hr","kurdiska":"ku","lettiska":"lv","litauiska":"lt","makedonska":"mk","malaysiska":"ms","maltesiska":"mt","mongoliska":"mn","nederländska":"nl","persiska":"fa","polska":"pl","portugisiska":"pt","rumänska":"ro","ryska":"ru","serbiska":"sr","slovakiska":"sk","slovenska":"sl","spanska":"es","svenska":"sv","thailändska":"th","tjeckiska":"cs","turkiska":"tr","tyska":"de","ukrainska":"uk","ungerska":"hu","uzbekiska":"uz","vietnamesiska":"vi","vitryska":"be","walesiska":"cy","albaneză":"sq","amharică":"am","arabă":"ar","armeană":"hy","azerbaidjană":"az","bască":"eu","bielorusă":"be","birmană":"my","bulgară":"bg","catalană":"ca","cehă":"cs","chineză (simplificată)":"zh-cn","chineză (tradițională)":"zh-tw","coreeană":"ko","creolă haitiană":"ht","croată":"hr","daneză":"da","ebraică":"he","engleză":"en","estonă":"et","finlandeză":"fi","franceză":"fr","galeză":"cy","galica scoțiană":"gd","galiciană":"gl","germană":"de","greacă":"el","indoneziană":"id","irlandeză":"ga","islandeză":"is","italiană":"it","japoneză":"ja","kurdă":"ku","latină":"la","letonă":"lv","lituaniană":"lt","macedoneană":"mk","maghiară":"hu","malaeză":"ms","malteză":"mt","mongolă":"mn","neerlandeză":"nl","norvegiană":"nb","persană":"fa","poloneză":"pl","portugheză":"pt","română":"ro","rusă":"ru","sârbă":"sr","slovacă":"sk","slovenă":"sl","spaniolă":"es","suedeză":"sv","thailandeză":"th","turcă":"tr","ucraineană":"uk","uzbecă":"uz","vietnameză":"vi","airių":"ga","albanų":"sq","amharų":"am","anglų":"en","arabų":"ar","armėnų":"hy","azerbaidžaniečių":"az","baltarusių":"be","baskų":"eu","birmiečių":"my","bulgarų":"bg","čekų":"cs","danų":"da","estų":"et","galisų":"gl","graikų":"el","haičio kreolų":"ht","hebrajų":"he","indoneziečių":"id","islandų":"is","ispanų":"es","italų":"it","japonų":"ja","kanadų":"kn","kataloniečių":"ca","kinų (supaprastinta)":"zh-cn","kinų (tradicinė)":"zh-tw","korėjiečių":"ko","kroatų":"hr","kurdų":"ku","latvių":"lv","lenkų":"pl","lietuvių":"lt","lotynų":"la","makedoniečių":"mk","malajalių":"ml","malajiečių":"ms","maltiečių":"mt","maorių":"mi","maratų":"mr","mongolų":"mn","norvegų":"nb","olandų":"nl","persų":"fa","portugalų":"pt","prancūzų":"fr","rumunų":"ro","rusų":"ru","serbų":"sr","slovakų":"sk","slovėnų":"sl","suomių":"fi","škotų (gėlų)":"gd","švedų":"sv","tajų":"th","telugų":"te","turkų":"tr","ukrainiečių":"uk","uzbekų":"uz","valų":"cy","vengrų":"hu","vietnamiečių":"vi","vokiečių":"de","zulusų":"zu","갈리시아어":"gl","그리스어":"el","네덜란드어":"nl","노르웨이어":"nb","덴마크어":"da","독일어":"de","라트비아어":"lv","라틴어":"la","러시아어":"ru","루마니아어":"ro","리투아니아어":"lt","마라티어":"mr","마오리어":"mi","마케도니아어":"mk","말라얄람어":"ml","말레이어":"ms","몰타어":"mt","몽골어":"mn","미얀마어 (버마어)":"my","바스크어":"eu","베트남어":"vi","벨라루스어":"be","불가리아어":"bg","세르비아어":"sr","스웨덴어":"sv","스코틀랜드 게일어":"gd","스페인어":"es","슬로바키아어":"sk","슬로베니아어":"sl","아랍어":"ar","아르메니아어":"hy","아이슬란드어":"is","아이티 크리올어":"ht","아일랜드어":"ga","아제르바이잔어":"az","알바니아어":"sq","암하라어":"am","에스토니아어":"et","에스페란토어":"eo","영어":"en","우즈베크어":"uz","우크라이나어":"uk","웨일즈어":"cy","이탈리아어":"it","인도네시아어":"id","일본어":"ja","줄루어":"zu","중국어(간체)":"zh-cn","중국어(번체)":"zh-tw","체코어":"cs","카탈로니아어":"ca","칸나다어":"kn","쿠르드어":"ku","크로아티아어":"hr","태국어":"th","터키어":"tr","텔루구어":"te","페르시아어":"fa","포르투갈어":"pt","폴란드어":"pl","프랑스어":"fr","핀란드어":"fi","한국어":"ko","헝가리어":"hu","히브리어":"he","힌디어":"hi","albanese":"sq","amarico":"am","arabo":"ar","armeno":"hy","azero":"az","bielorusso":"be","bulgaro":"bg","catalano":"ca","ceco":"cs","cinese (semplificato)":"zh-cn","cinese (tradizionale)":"zh-tw","creolo haitiano":"ht","croato":"hr","curdo (kurmanji)":"ku","danese":"da","ebraico":"he","estone":"et","finlandese":"fi","francese":"fr","gaelico scozzese":"gd","galiziano":"gl","gallese":"cy","giapponese":"ja","greco":"el","indonesiano":"id","inglese":"en","irlandese":"ga","islandese":"is","latino":"la","lettone":"lv","macedone":"mk","malese":"ms","mongolo":"mn","norvegese":"nb","olandese":"nl","persiano":"fa","polacco":"pl","portoghese":"pt","rumeno":"ro","serbo":"sr","slovacco":"sk","sloveno":"sl","spagnolo":"es","svedese":"sv","tailandese":"th","tedesco":"de","ucraino":"uk","ungherese":"hu","quốc tế ngữ":"eo","tiếng ả rập":"ar","tiếng albania":"sq","tiếng amharic":"am","tiếng anh":"en","tiếng armenia":"hy","tiếng azerbaijan":"az","tiếng ba lan":"pl","tiếng ba tư":"fa","tiếng basque":"eu","tiếng belarus":"be","tiếng bồ đào nha":"pt","tiếng bulgaria":"bg","tiếng catalan":"ca","tiếng creole ở haiti":"ht","tiếng croatia":"hr","tiếng do thái":"he","tiếng đan mạch":"da","tiếng đức":"de","tiếng estonia":"et","tiếng gael scotland":"gd","tiếng galicia":"gl","tiếng hà lan":"nl","tiếng hàn":"ko","tiếng hindi":"hi","tiếng hungary":"hu","tiếng hy lạp":"el","tiếng iceland":"is","tiếng indonesia":"id","tiếng ireland":"ga","tiếng kannada":"kn","tiếng kurd":"ku","tiếng latinh":"la","tiếng latvia":"lv","tiếng litva":"lt","tiếng mã lai":"ms","tiếng macedonia":"mk","tiếng malayalam":"ml","tiếng malta":"mt","tiếng maori":"mi","tiếng marathi":"mr","tiếng mông cổ":"mn","tiếng myanmar":"my","tiếng na uy":"nb","tiếng nga":"ru","tiếng nhật":"ja","tiếng pháp":"fr","tiếng phần lan":"fi","tiếng rumani":"ro","tiếng séc":"cs","tiếng serbia":"sr","tiếng slovak":"sk","tiếng slovenia":"sl","tiếng tây ban nha":"es","tiếng telugu":"te","tiếng thái":"th","tiếng thổ nhĩ kỳ":"tr","tiếng thụy điển":"sv","tiếng trung (giản thể)":"zh-cn","tiếng trung (phồn thể)":"zh-tw","tiếng ukraina":"uk","tiếng uzbek":"uz","tiếng việt":"vi","tiếng xứ wales":"cy","tiếng ý":"it","tiếng zulu":"zu","にほんご":"ja"},"scratchToGoogleMap":{"zh-cn":"zh","nb":"no","he":"iw","es-419":"es","pt-br":"pt","ja-hira":"ja"},"previouslySupported":["ab","ms","be","eo","hy","hi","kn","ht","ku","la","mk","ml","mt","mr","mn","my","nn","sq","te","uz"]}