{
  "name": "Gamepad support",
  "description": "Interact with projects using a USB or Bluetooth controller/gamepad.",
  "credits": [
    {
      "name": "GarboMuffin"
    }
  ],
  "info": [
    {
      "type": "notice",
      "text": "This addon is highly experimental and subject to change. It can be configured with the gamepad button by the green flag.",
      "id": "info"
    }
  ],
  "userscripts": [
    {
      "url": "userscript.js",
      "matches": ["https://scratch.mit.edu/projects/*"]
    }
  ],
  "userstyles": [
    {
      "url": "style.css",
      "matches": ["https://scratch.mit.edu/projects/*"]
    },
    {
      "url": "gamepadlib.css",
      "matches": ["https://scratch.mit.edu/projects/*"]
    }
  ],
  "settings": [
    {
      "name": "Hide settings button when no controllers detected",
      "type": "boolean",
      "default": false,
      "id": "hide"
    }
  ],
  "tags": ["editor", "projectPlayer", "recommended"],
  "enabledByDefault": false,
  "versionAdded": "1.14.0",
  "dynamicEnable": true,
  "dynamicDisable": true
}
